{
  "accuracy": 0.9833333333333333,
  "precision": 0.9841666666666666,
  "recall": 0.9833333333333333,
  "train_size": 90,
  "test_size": 60,
  "total_size": 150
}